Published_time,news_content,news_headline
2021-01-20 10:24:00,"Hệ thống giao dịch lỗi ngay trong phiên sáng 20/01?: Sáng ngày 20/01, bảng điện của các công ty chứng khoán xuất hiện vấn đề. Nhiều nhà đầu tư phản ánh việc không thể đặt lệnh mua bán chính xác dựa theo...",Hệ thống giao dịch lỗi ngay trong phiên sáng 20/01?
2021-01-19 20:00:00,"Thị trường chứng quyền 20/01/2021: Đỏ lửa cùng thị trường cơ sở: Sắc đỏ tràn ngập thị trường chứng quyền trong phiên giao dịch ngày 19/01/2021 với 101 mã giảm giá, 14 mã tăng giá và 1 mã đứng giá. Khối ngoại bán...",Thị trường chứng quyền 20/01/2021: Đỏ lửa cùng thị trường cơ sở
2021-01-19 10:00:00,VIP bán 3 triệu cp quỹ sau khi cổ phiếu tăng trên 200%: CTCP Vận tải Xăng dầu Vipco (HOSE: VIP) vừa công bố phương án bán 3 triệu cp quỹ trong khoảng thời gian từ ngày 28/01-26/02 sắp tới.,VIP bán 3 triệu cp quỹ sau khi cổ phiếu tăng trên 200%
2021-01-18 19:30:00,"Chứng khoán phái sinh 19/01/2021: VN30-Index gặp khó tại vùng 1,160-1,180 điểm: Các hợp đồng tương lai đồng loạt giảm điểm trong phiên giao dịch ngày 18/01/2021. Basis hợp đồng VN30F2101 tiếp tục thu hẹp và đạt giá trị 3.66 điểm...","Chứng khoán phái sinh 19/01/2021: VN30-Index gặp khó tại vùng 1,160-1,180 điểm"
2021-01-18 11:04:00,"BMI đăng ký thoái sạch vốn tại MB: Ngày 13/01, Tổng CTCP Bảo Minh (HOSE: BMI) đăng ký bán toàn bộ số cổ phần đang nắm giữ tại Ngân hàng TMCP Quân đội (MB, HOSE: MBB) trong thời gian từ...",BMI đăng ký thoái sạch vốn tại MB
2021-01-17 19:57:00,"Lý do nghẽn lệnh chứng khoán vào HOSE: Do năng lực thiết kế của hệ thống giao dịch tại HOSE có giới hạn về số lượng lệnh trong một ngày, không đáp ứng được nhu cầu giao dịch tăng đột biến...",Lý do nghẽn lệnh chứng khoán vào HOSE
2021-01-16 10:30:00,"Chủ tịch HĐQT HIG chuẩn bị bán hết hơn 4 triệu cp đang nắm giữ: Ngày 15/01, Chủ tịch HĐQT CTCP Tập đoàn HIPT (UPCoM: HIG) - ông Lê Hải Đoàn - thông báo đã đăng ký bán toàn bộ hơn 4 triệu cp đang nắm giữ tại HIG.",Chủ tịch HĐQT HIG chuẩn bị bán hết hơn 4 triệu cp đang nắm giữ
2021-01-15 10:58:00,Quỹ ngoại tiếp tục muốn gom 1 triệu cp AST: Quỹ ngoại PENM IV Germany GmbH & Co. KG vừa tiếp tục đăng ký mua 1 triệu cp AST của CTCP Dịch vụ Hàng không Taseco (HOSE: AST) từ ngày...,Quỹ ngoại tiếp tục muốn gom 1 triệu cp AST
2021-01-14 19:30:00,Chứng khoán phái sinh 15/01/2021: Basis thu hẹp trở lại: Hầu hết các hợp đồng tương lai giảm điểm trong phiên giao dịch ngày 14/01/2021. Basis hợp đồng VN30F2101 thu hẹp và đạt giá trị 19.91 điểm. Điều này...,Chứng khoán phái sinh 15/01/2021: Basis thu hẹp trở lại
2021-01-14 08:45:00,"Tập đoàn Quốc tế ABC không còn là cổ đông của VES: Ngày 08/01, CTCP Tập đoàn Quốc tế ABC không còn là cổ đông của CTCP Đầu tư và Xây dựng Điện Mêca Vneco (UPCoM: VES) sau khi hoàn thành thương vụ bán...",Tập đoàn Quốc tế ABC không còn là cổ đông của VES
2021-01-13 15:35:00,"Nhịp đập Thị trường 13/01: VN-Index điều chỉnh sau khi test lại đỉnh cũ tháng 04/2018: VN-Index kết phiên giảm 0.52%, đạt 1,186.05 điểm; chỉ số HNX-Index tăng 0.23%, đạt mức 222.49 điểm. Độ rộng thị trường khá cân bằng với 391 mã tăng...",Nhịp đập Thị trường 13/01: VN-Index điều chỉnh sau khi test lại đỉnh cũ tháng 04/2018
2021-01-13 06:00:00,13/01: Đọc gì trước giờ giao dịch chứng khoán?: Cùng Vietstock điểm lại những tin tức đáng chú ý về thị trường chứng khoán trong nước và quốc tế diễn ra trong 24h qua.,13/01: Đọc gì trước giờ giao dịch chứng khoán?
2021-01-12 13:00:00,"Ông Đinh Quang Hinh (VNDirect): Đầu tư công năm 2021 sẽ khó đột biến: Theo nhận định của ông Đinh Quang Hinh, chuyên gia đến từ CTCK VNDirect, đầu tư công năm 2021 sẽ khó tăng trưởng đột biến như năm 2020. Tuy vậy, đây...",Ông Đinh Quang Hinh (VNDirect): Đầu tư công năm 2021 sẽ khó đột biến
2021-01-11 20:00:00,"Thị trường chứng quyền 12/01/2021: Nhiều mã chứng quyền khởi sắc: Thị trường chứng quyền tiếp tục giữ vững sắc xanh trong phiên giao dịch ngày 11/01/2021 với 96 mã tăng giá, 18 mã giảm giá và 2 mã đứng giá. Khối...",Thị trường chứng quyền 12/01/2021: Nhiều mã chứng quyền khởi sắc
2021-01-11 13:05:00,"Mua CTD, SCS, SJD có khả quan?: Các công ty chứng khoán (CTCK) khuyến nghị mua CTD do thị trường bất động sản duy trì tăng trưởng khả quan kết hợp với tình hình tài chính và nhân sự...","Mua CTD, SCS, SJD có khả quan?"
2021-01-11 06:00:00,11/01: Đọc gì trước giờ giao dịch chứng khoán?: Cùng điểm lại các tin tức kinh tế tài chính đáng chú ý những ngày cuối tuần qua. ,11/01: Đọc gì trước giờ giao dịch chứng khoán?
2021-01-09 10:54:00,NSH: Tổng Giám đốc gom thêm cổ phiếu: Ủy viên HĐQT kiêm Tổng Giám đốc CTCP Nhôm Sông Hồng (HNX: NSH) – ông Lê Văn Thắng vừa đăng ký mua hơn 1.6 triệu cp NSH.,NSH: Tổng Giám đốc gom thêm cổ phiếu
2021-01-08 13:00:00,"America LLC không còn là cổ đông lớn của HMH: Đầu năm 2021, quỹ ngoại Amerrica LLC thông báo không còn là cổ đông lớn của CTCP Hải Minh (HNX: HMH) sau khi bán hơn 1.7 triệu cp HMH trong ngày...",America LLC không còn là cổ đông lớn của HMH
2021-01-07 19:30:00,"Chứng khoán phái sinh 08/01/2021: VN30-Index kết phiên ở trên vùng 1,120-1,130 điểm: Các hợp đồng tương lai đồng loạt bứt phá trong phiên giao dịch ngày 07/01/2021. Basis hợp đồng VN30F2101 mở rộng và đạt giá trị 18.31 điểm. Điều này...","Chứng khoán phái sinh 08/01/2021: VN30-Index kết phiên ở trên vùng 1,120-1,130 điểm"
2021-01-07 09:33:00,"Thanh khoản hợp đồng tương lai VN30 tăng mạnh năm 2020: Trong cả năm 2020, khối lượng giao dịch bình (KLGD) quân hợp đồng tương lai chỉ số VN30 đạt 158,390 hợp đồng/phiên, tăng 78.5% so với năm 2019.",Thanh khoản hợp đồng tương lai VN30 tăng mạnh năm 2020
2021-01-06 16:20:00,"Nhịp đập Thị trường 06/01: Đà tăng bị thu hẹp đáng kể: VN-Index kết phiên tăng 0.94%, đạt 1,143.21 điểm; chỉ số HNX-Index tăng 1.71%, đạt mức 211.68 điểm. Độ rộng thị trường nghiêng về bên mua với 448 mã...",Nhịp đập Thị trường 06/01: Đà tăng bị thu hẹp đáng kể
2021-01-06 08:39:00,"Nguyên Chủ tịch LienViet PostBank khuyên nhà đầu tư bán ngay cổ phiếu ngân hàng: Tại buổi tọa đàm ""Toàn cảnh bất động sản 2021: Nhận diện xung lực mới"" diễn ra ngày 5/1, ông Nguyễn Đức Hưởng – Nguyên chủ tịch HĐQT Ngân hàng...",Nguyên Chủ tịch LienViet PostBank khuyên nhà đầu tư bán ngay cổ phiếu ngân hàng
2021-01-05 15:40:00,"Nhịp đập Thị trường 05/01: Thanh khoản tiếp tục ở mức cao: Tổng giá trị giao dịch toàn thị trường trong phiên hôm nay đạt hơn 19,300 tỷ đồng.",Nhịp đập Thị trường 05/01: Thanh khoản tiếp tục ở mức cao
2021-01-05 09:00:00,"Xử phạt trên thị trường chứng khoán 2020: 6 vụ thao túng giá: Theo thống kê của Vietstock, tính đến ngày 29/12, Ủy ban Chứng khoán Nhà nước đã ban hành tổng cộng 216 quyết định xử phạt vi phạm hành chính trong...",Xử phạt trên thị trường chứng khoán 2020: 6 vụ thao túng giá
2021-01-04 17:12:00,Vietstock Daily 05/01: Sắc xanh chào năm mới: Thị trường khép lại phiên giao dịch đầu tiên của năm 2021 với mức tăng đầy tích cực. Thanh khoản tăng trưởng tốt trên cả hai sàn.,Vietstock Daily 05/01: Sắc xanh chào năm mới
2021-01-04 13:09:00,"SAV, PRE, QNS: Nên mua hay bán?: Các công ty chứng khoán (CTCK) khuyến nghị nắm giữ SAV do cơ hội và nguy cơ đan xen; bán QNS do giá đậu nành nguyên liệu tăng mạnh, mảng đường-điện...","SAV, PRE, QNS: Nên mua hay bán?"
2021-01-04 08:51:00,"Báo cáo không đúng thời hạn, Chủ tịch HVA bị xử phạt: Ngày 31/12/2020, Thanh tra Ủy ban Chứng khoán Nhà nước (UBCKNN) ban hành Quyết định về việc xử phạt vi phạm hành chính trong lĩnh vực chứng khoán và...","Báo cáo không đúng thời hạn, Chủ tịch HVA bị xử phạt"
2021-01-03 09:00:00,"UPCoM 2020: Quy mô tăng, khối ngoại bán ròng: Sàn UPCoM từ lâu đã được xem là “trạm trung chuyển” cần thiết cho các doanh nghiệp có dự định niêm yết lên 2 sàn giao dịch TP.HCM (HOSE) và Hà Nội...","UPCoM 2020: Quy mô tăng, khối ngoại bán ròng"
2021-01-01 12:00:00,"Thị giá VHC và ANV bật tăng sau thông tin được Mỹ áp mức thuế chống bán phá giá thấp: Nếu chỉ bị áp mức thuế 0.09 USD/kg, ANV có cơ hội trở lại thị trường Mỹ sau 6 năm vắng bóng, trong khi đó, VHC phải chịu rủi ro tăng thêm nhưng vẫn...",Thị giá VHC và ANV bật tăng sau thông tin được Mỹ áp mức thuế chống bán phá giá thấp
2020-12-31 10:00:00,"Ngày 31/12/2020: 10 cổ phiếu “nóng” dưới góc nhìn PTKT của Vietstock: Các cổ phiếu “nóng” được phân tích trong báo cáo của Phòng Tư vấn Vietstock gồm: BCC, CTD, GTN, HII, NHH, NVL, TCH, TPB, VJC và VNM.",Ngày 31/12/2020: 10 cổ phiếu “nóng” dưới góc nhìn PTKT của Vietstock
2020-12-30 17:22:00,"Vietstock Daily 31/12: Điều chỉnh trở lại?: VN-Index kết phiên với sắc đỏ, thanh khoản tiếp tục tăng trưởng trong ngày giao dịch 30/12/2020. Thị trường nhiều khả năng sẽ quay trở lại giai đoạn...",Vietstock Daily 31/12: Điều chỉnh trở lại?
2020-12-30 10:34:00,"VDSC: Nhóm ngân hàng, bất động sản sẽ là điểm sáng trong năm 2021: Công ty Chứng khoán Rồng Việt (VDSC) dự báo 2021 sẽ là năm đề cao chiến lược đầu tư từ trên xuống và đi theo sự hồi phục của nền...","VDSC: Nhóm ngân hàng, bất động sản sẽ là điểm sáng trong năm 2021"
2020-12-29 17:10:00,"Vietstock Daily 30/12: Thanh khoản duy trì ở mức cao: VN-Index đánh dấu phiên tăng điểm tích cực. Chỉ số đã có lúc tiến lên test vùng 1,100-1,110 điểm. Thanh khoản vẫn duy trì ở mức cao cho thấy sự dồi...",Vietstock Daily 30/12: Thanh khoản duy trì ở mức cao
2020-12-29 11:10:00,"Fecon muốn bán 1.5 triệu cp quỹ, cổ phiếu tăng giá kịch trần: Ước tính, nhà thầu xây dựng này có thể thu về xấp xỉ 20 tỷ đồng để bổ sung vốn lưu động nếu hoàn tất trọn vẹn đợt bán cổ phiếu quỹ.","Fecon muốn bán 1.5 triệu cp quỹ, cổ phiếu tăng giá kịch trần"
2020-12-28 20:00:00,"Thị trường chứng quyền 29/12/2020: Tâm lý thận trọng gia tăng: Thị trường chứng quyền trong phiên giao dịch ngày 28/12/2020 có diễn biến phân hóa với 57 mã tăng giá, 49 mã giảm giá và 6 mã đứng giá. Khối ngoại...",Thị trường chứng quyền 29/12/2020: Tâm lý thận trọng gia tăng
2020-12-28 13:58:00,"SHI: Không báo cáo khi trở thành cổ đông lớn, một cá nhân bị xử phạt : Ủy ban Chứng khoán Nhà nước (UBCKNN) vừa ban hành Quyết định về việc xử phạt vi phạm hành chính trong lĩnh vực chứng khoán và thị trường chứng khoán...","SHI: Không báo cáo khi trở thành cổ đông lớn, một cá nhân bị xử phạt "
2020-12-28 08:38:00,Top cổ phiếu đáng chú ý đầu tuần 28/12: Danh sách các mã cổ phiếu tăng và giảm mạnh nhất những phiên gần đây theo số liệu thống kê của Vietstock.,Top cổ phiếu đáng chú ý đầu tuần 28/12
2020-12-26 19:45:00,"VN-Index vượt 1,080 điểm nhờ những cổ phiếu nào?: Các chỉ số thị trường biến động tích cực trong tuần 21-25/12/2020. VN-Index kết thúc tuần tăng 1.59% đạt mức 1,084.42 điểm; HNX-Index đóng cửa tuần...","VN-Index vượt 1,080 điểm nhờ những cổ phiếu nào?"
2020-12-25 13:45:00,"Ủy viên HĐQT đăng ký mua hơn 2 triệu cp CTC lần 2: Ủy viên HĐQT của CTCP Gia Lai CTC (HNX: CTC), ông Trần Danh Lượng đăng ký mua hơn 2 triệu cp CTC với mục đích đầu tư cá nhân.",Ủy viên HĐQT đăng ký mua hơn 2 triệu cp CTC lần 2
2020-12-24 19:30:00,"Chứng khoán phái sinh 25/12/2020: Vùng 985-1,000 điểm sẽ là hỗ trợ quan trọng cho VN30-Index: Các hợp đồng tương lai đồng loạt giảm điểm trong phiên giao dịch 24/12/2020. Basis hợp đồng VN30F2101 thu hẹp và đạt giá trị 8.65 điểm. Điều này cho...","Chứng khoán phái sinh 25/12/2020: Vùng 985-1,000 điểm sẽ là hỗ trợ quan trọng cho VN30-Index"
2020-12-24 11:15:00,"MBB sắp chia toàn bộ cổ phiếu quỹ cho cổ đông: Ngày  23/12, Ngân hàng TMCP Quân Đội (HOSE: MBB) thông báo sẽ chia toàn bộ cổ phiếu quỹ của Công ty cho các cổ đông hiện hữu.",MBB sắp chia toàn bộ cổ phiếu quỹ cho cổ đông
2020-12-23 20:00:00,"Thị trường chứng quyền 24/12/2020: Tốt xấu đan xen: Thị trường chứng quyền trong phiên giao dịch ngày 23/12/2020 có diễn biến khá phân hóa khi toàn thị trường có 51 mã giảm giá, 47 mã tăng giá và 12 mã...",Thị trường chứng quyền 24/12/2020: Tốt xấu đan xen
2020-12-23 11:14:00,Công ty con của Coteccons trở thành cổ đông lớn tại IDC: Công ty TNHH Covestcons chính thức trở thành cổ đông lớn tại Tổng Công ty IDICO - CTCP (HNX: IDC) kể từ ngày 15/12/2020 khi mua vào 24.4 triệu cp...,Công ty con của Coteccons trở thành cổ đông lớn tại IDC
2020-12-22 17:06:00,Vietstock Daily 23/12: Dòng tiền dồi dào: Thanh khoản trong phiên giao dịch 22/12/2020 đạt mức cao nhất lịch sử cho thấy sự dồi dào của dòng tiền.,Vietstock Daily 23/12: Dòng tiền dồi dào
2020-12-22 11:07:00,Dragon Capital bán 2.5 triệu cp DXG: Thành viên Vietnam Enterprise Investments Limited của Dragon Capital đã bán ra 2.5 triệu cp DXG của CTCP Tập đoàn Đất Xanh (HOSE: DXG) trong ngày...,Dragon Capital bán 2.5 triệu cp DXG
2020-12-21 20:00:00,"Thị trường chứng quyền 22/12/2020: Thị trường khởi sắc, khối ngoại tiếp tục bán ròng: Thị trường chứng quyền tiếp tục khởi sắc trong phiên giao dịch ngày 21/12/2020 với 79 mã tăng giá, 18 mã giảm giá và 10 mã đứng giá. Khối ngoại tiếp...","Thị trường chứng quyền 22/12/2020: Thị trường khởi sắc, khối ngoại tiếp tục bán ròng"
2020-12-21 11:06:00,Hơn 440 triệu cp Vinaconex được chấp thuận niêm yết trên HOSE: Sở Giao dịch Chứng khoán TP HCM (HOSE) vừa thông báo chấp thuận niêm yết cổ phiếu VCG của Tổng CTCP Xuất nhập khẩu và Xây dựng Việt Nam (Vinaconex...,Hơn 440 triệu cp Vinaconex được chấp thuận niêm yết trên HOSE
2020-12-20 13:30:00,"Góc nhìn tuần 21-25/12: Có thể chạm mốc 1,070 điểm?: Mặc dù các CTCK cho rằng thị trường có thể hướng tới mức điểm cao hơn trong tuần tới, tuy nhiên khả năng rung lắc vẫn sẽ diễn ra luân phiên với những...","Góc nhìn tuần 21-25/12: Có thể chạm mốc 1,070 điểm?"
2020-12-18 17:02:00,"Chứng khoán Tuần 14-18/12/2020: Nhóm ngân hàng bứt phá, VN-Index tăng 7 tuần liên tiếp: VN-Index nối dài chuỗi 7 tuần tăng điểm liên tiếp và được dẫn dắt chủ yếu bởi các cổ phiếu nhóm ngân hàng. Thanh khoản tăng trưởng tích cực trên cả...","Chứng khoán Tuần 14-18/12/2020: Nhóm ngân hàng bứt phá, VN-Index tăng 7 tuần liên tiếp"
2020-12-18 10:04:00,"Ông Đặng Văn Thành muốn mua 11 triệu cp GEG: Ước tính, vị doanh nhân gốc Hoa sẽ phải chi ra gần 195 tỷ đồng để có thể hoàn tất trọn vẹn thương vụ.",Ông Đặng Văn Thành muốn mua 11 triệu cp GEG
2020-12-17 17:10:00,Vietstock Daily 18/12: Tâm lý bi quan bao trùm: Phiên giao dịch 17/12/2020 cho thấy sự thận trọng và bi quan đang chi phối tâm lý các nhà đầu tư trên thị trường.,Vietstock Daily 18/12: Tâm lý bi quan bao trùm
2020-12-17 09:39:00,"CET: Giá cổ phiếu tăng trần liên tục, Ủy viên HĐQT đăng ký gom gần 1.2 triệu cp: Ông Phạm Trần Thanh Hải -  Ủy viên HĐQT của CTCP Tech – Vina (HNX: CET) đã đăng ký mua gần 1.2 triệu cp CET trong thời gian 17/12/2020 – 08/01/2021.","CET: Giá cổ phiếu tăng trần liên tục, Ủy viên HĐQT đăng ký gom gần 1.2 triệu cp"
2020-12-16 15:25:00,"Nhịp đập Thị trường 16/12: VCB tiệm cận mức 100,000 đồng/cp, VN-Index bứt phá mạnh mẽ: VN-Index kết phiên tăng 1.11%, đạt mức 1,066.99 điểm; chỉ số HNX-Index tăng 2.23%, đạt mức 171.62 điểm. Độ rộng thị trường nghiêng hoàn toàn về bên...","Nhịp đập Thị trường 16/12: VCB tiệm cận mức 100,000 đồng/cp, VN-Index bứt phá mạnh mẽ"
2020-12-16 11:03:00,HBC - Sự trở lại đầy ấn tượng: Đồ thị của CTCP Tập đoàn Xây dựng Hòa Bình (HOSE: HBC) đang có những tín hiệu khả quan cả trong ngắn hạn lẫn dài hạn. Các ngưỡng kháng cự mạnh đã bị...,HBC - Sự trở lại đầy ấn tượng
2020-12-15 16:09:00,"Bất chấp lãi lớn, quỹ Vietnam Holding vẫn bị rút vốn mạnh trong tháng 11?: Trong tháng 11 vừa qua, lượng cổ phần đã phát hành của Vietnam Holding giảm từ 51 triệu cp xuống còn 43 triệu cp. Đồng nghĩa lượng...","Bất chấp lãi lớn, quỹ Vietnam Holding vẫn bị rút vốn mạnh trong tháng 11?"
2020-12-15 09:15:00,Đến thời cổ phiếu quỹ được đem làm ESOP?: Hàng ngàn tỷ đồng đã được các doanh nghiệp chi ra để mua cổ phiếu trong giai đoạn thị trường giảm sâu vì Covid-19. Số phận của khối cổ phiếu quỹ này...,Đến thời cổ phiếu quỹ được đem làm ESOP?
2020-12-14 17:07:00,"Vietstock Daily 15/12: Sắc xanh lan tỏa: VN-Index đã có một phiên giao dịch rất lạc quan cả về điểm số và thanh khoản. Nếu đà tăng mạnh này được giữ vững trong các phiên tới, xu hướng tăng...",Vietstock Daily 15/12: Sắc xanh lan tỏa
2020-12-14 09:06:00,TVC: Cổ đông lớn tiếp tục gom thêm 1 triệu cp: Công ty TNHH Một thành viên Tùng Trí Việt vừa đăng ký mua 1 triệu cp TVC của CTCP Tập đoàn Quản lý Tài sản Trí Việt (HNX: TVC) từ ngày 14/12/2020 –...,TVC: Cổ đông lớn tiếp tục gom thêm 1 triệu cp
2020-12-12 20:30:00,"Tâm sự của đội 'Cash is King': Thị trường chứng khoán liên tục tăng điểm trong thời gian qua. Chốt phiên 11/12, VN-Index đạt trên 1,045 điểm. Đội 'Cash is King' hẳn đang mang nhiều...",Tâm sự của đội 'Cash is King'
2020-12-11 17:05:00,"Chứng khoán Tuần 07-11/12/2020: Tích cực leo dốc: VN-Index tiếp tục tăng điểm, nối tiếp chuỗi 5 tuần tăng liên tiếp trước đó. Bên cạnh đó, khối ngoại cũng mua ròng trong tuần qua.",Chứng khoán Tuần 07-11/12/2020: Tích cực leo dốc
2020-12-11 08:00:00,Top cổ phiếu đáng chú ý đầu phiên 11/12: Danh sách các mã cổ phiếu tăng và giảm mạnh nhất những phiên gần đây theo số liệu thống kê của Vietstock.,Top cổ phiếu đáng chú ý đầu phiên 11/12
2020-12-10 15:12:00,"Chứng khoán Yuanta: VN-Index vẫn đang trong chu kỳ tăng trưởng mạnh: Theo Báo cáo thị trường chứng khoán tháng 12/2020 vừa công bố, CTCK Yuanta Việt Nam dự báo VN-Index có thể đạt 1,103 điểm.",Chứng khoán Yuanta: VN-Index vẫn đang trong chu kỳ tăng trưởng mạnh
2020-12-10 08:00:00,Top cổ phiếu đáng chú ý đầu phiên 10/12: Danh sách các mã cổ phiếu tăng và giảm mạnh nhất những phiên gần đây theo số liệu thống kê của Vietstock.,Top cổ phiếu đáng chú ý đầu phiên 10/12
2020-12-09 13:00:00,"Dòng tiền chạy sang cổ phiếu penny?: Nếu như sự bứt phá của chỉ số VN-Index trong tháng 10 chủ yếu nhờ nhóm cổ phiếu vốn hóa lớn thuộc VN 30, đà tăng tháng 11 tích cực hơn khi dòng tiền...",Dòng tiền chạy sang cổ phiếu penny?
2020-12-08 17:30:00,"VAFI đề xuất chưa nên đánh thuế cổ tức cổ phiếu: Nghị định 126/2020/NĐ-CP ngày 19/10/2020 quy định chi tiết một số điều của Luật Quản lý Thuế, trong đó có thực thi đánh thuế với hình thức trả cổ tức...",VAFI đề xuất chưa nên đánh thuế cổ tức cổ phiếu
2020-12-08 12:02:00,"Phân tích kỹ thuật phiên chiều 08/12: Rung lắc khi chạm kháng cự: Trong phiên giao dịch buổi sáng ngày 08/12/2020, VN-Index xuất hiện rung lắc sau khi tiến đến vùng kháng cự 1,030-1,035 điểm (ngưỡng Fibonacci...",Phân tích kỹ thuật phiên chiều 08/12: Rung lắc khi chạm kháng cự
2020-12-07 20:00:00,"Thị trường chứng quyền 08/12/2020: Khởi sắc cùng thị trường cơ sở: Thị trường chứng quyền trong phiên giao dịch ngày 07/12/2020 có diễn biến khá tích cực khi toàn thị trường có 63 mã tăng giá, 43 mã giảm giá và 17 mã...",Thị trường chứng quyền 08/12/2020: Khởi sắc cùng thị trường cơ sở
2020-12-07 13:13:00,"Mirae Asset: 1,040-1,050 điểm là mục tiêu tháng cuối năm của VN-Index: Theo báo cáo Kinh tế vĩ mô tháng 11 và triển vọng TTCK tháng 12/2020 của CTCK Mirae Asset (Mirae Asset) nền kinh tế Việt Nam đã mở rộng đà hồi phục...","Mirae Asset: 1,040-1,050 điểm là mục tiêu tháng cuối năm của VN-Index"
2020-12-06 19:00:00,"Thị trường chứng quyền Tuần 07-11/12/2020: Tốt xấu đan xen: Thị trường chứng quyền kết thúc phiên giao dịch ngày 04/12/2020 với 63 mã giảm giá, 44 mã tăng giá và 16 mã đứng giá. Khối ngoại bán ròng trở lại với...",Thị trường chứng quyền Tuần 07-11/12/2020: Tốt xấu đan xen
2020-12-05 10:00:00,"2020 không phải là năm dành cho ‘những trái tim yếu đuối’: Tại báo cáo cập nhất mới nhất, quỹ Asia Frontier Capital (AFC) đánh giá Việt Nam là khoản đặt cược tuyệt vời đối với một sự phục hồi của nền kinh tế...",2020 không phải là năm dành cho ‘những trái tim yếu đuối’
2020-12-04 11:36:00,Một doanh nghiệp ngành nông lâm chuẩn bị chào sàn UPCoM: Sở Giao dịch Chứng khoán Hà Nội vừa thông báo Trung tâm Nông Nghiệp Mùa Xuân sẽ giao dịch trên UPCoM lần đầu tiên vào ngày 10/12/2020 với mã chứng...,Một doanh nghiệp ngành nông lâm chuẩn bị chào sàn UPCoM
2020-12-03 16:23:00,Quỹ iShares MSCI Frontier 100 ETF chính thức bổ sung PDR vào danh mục: CTCP Phát triển Bất động sản Phát Đạt (HOSE: PDR) vừa được Quỹ iShares MSCI Frontier 100 ETF chọn là 1 trong 4 cổ phiếu mua mới trong đợt này.,Quỹ iShares MSCI Frontier 100 ETF chính thức bổ sung PDR vào danh mục
2020-12-03 10:00:00,"Ngày 03/12/2020: 10 cổ phiếu “nóng” dưới góc nhìn PTKT của Vietstock: Các cổ phiếu “nóng” được phân tích trong báo cáo của Phòng Tư vấn Vietstock gồm: DIG, GMD, GAS, GEX, HDB, HSG, MSN, NLG, MBB và STB.",Ngày 03/12/2020: 10 cổ phiếu “nóng” dưới góc nhìn PTKT của Vietstock
2020-12-02 16:54:00,"ACB sẽ chính thức chào sàn HOSE vào ngày 09/12, giá tham chiếu 26,400 đồng/cp: Sở Giao dịch Chứng khoán TPHCM (HOSE) vừa thông báo hơn 2.1 tỷ cổ phiếu ACB của Ngân hàng TMCP Á Châu sẽ chính thức thức được niêm yết trên sàn HOSE...","ACB sẽ chính thức chào sàn HOSE vào ngày 09/12, giá tham chiếu 26,400 đồng/cp"
2020-12-02 10:29:00,"Đầu tư VSD muốn gom 12 triệu cp VCP: Nhằm tăng tỷ lệ sở hữu, CTCP Đầu tư VSD đăng ký mua 12 triệu cp VCP của CTCP Tư Xây dựng và Phát triển Năng Lượng VCP (Vinaconex Power, UPCoM: VCP)...",Đầu tư VSD muốn gom 12 triệu cp VCP
2020-12-01 16:00:00,"HFIC chưa bán được 25 triệu cp HCM: Công ty Đầu tư Tài chính Nhà nước Thành phố Hồ Chí Minh (HFIC) vừa báo cáo kết quả giao dịch 25 triệu cp của CTCP Chứng khoán TP.HCM (HSC, HOSE: HCM)...",HFIC chưa bán được 25 triệu cp HCM
2020-12-01 10:00:00,"Ngày 01/12/2020: 10 cổ phiếu “nóng” dưới góc nhìn PTKT của Vietstock: Các cổ phiếu “nóng” được phân tích trong báo cáo của Phòng Tư vấn Vietstock gồm: BWE, GMD, GAS, GEX, HDB, HSG, MSN, NLG, MBB và TCH.",Ngày 01/12/2020: 10 cổ phiếu “nóng” dưới góc nhìn PTKT của Vietstock
2020-11-30 15:25:00,"Nhịp đập Thị trường 30/11: VN-Index rơi mạnh nửa cuối phiên chiều: VN-Index kết phiên giảm 0.71%, đạt mức 1,003.08 điểm; chỉ số HNX-Index giảm 0.32%, đạt mức 147.70 điểm. Độ rộng thị trường nghiêng về bên bán với 299...",Nhịp đập Thị trường 30/11: VN-Index rơi mạnh nửa cuối phiên chiều
2020-11-30 09:30:00,"Một chủ tịch bị xử phạt vì ""mua chui"" cổ phiếu: Ngày 26/11/2020, Thanh tra Ủy ban Chứng khoán Nhà nước (UBCKNN) ban hành Quyết định về việc xử phạt vi phạm hành chính trong lĩnh vực chứng khoán và...","Một chủ tịch bị xử phạt vì ""mua chui"" cổ phiếu"
2020-11-28 11:03:00,"MBB: Phó Tổng Giám đốc đăng ký mua 1 triệu cp: Theo báo cáo gửi đến UBCK Nhà nước và Sở GDCK TP HCM (HOSE), ông Lê Quốc Minh - Phó Tổng Giám đốc MB muốn mua vào lượng lớn cổ phần tại ngân hàng này.",MBB: Phó Tổng Giám đốc đăng ký mua 1 triệu cp
2020-11-27 12:36:00,"Phân tích kỹ thuật phiên chiều 27/11: VN-Index xuất hiện mẫu hình nến Doji: Trong phiên giao dịch buổi sáng ngày 27/11/2020, VN-Index tạo cây nến Doji chứng tỏ tâm lý nhà đầu tư đang giằng co mạnh.",Phân tích kỹ thuật phiên chiều 27/11: VN-Index xuất hiện mẫu hình nến Doji
2020-11-26 18:27:00,"Góc nhìn 27/11: Chốt lời?: Theo dự báo của SHS, trong phiên giao dịch cuối tuần 27/11, VN-Index có thể sẽ diễn ra những rung lắc do áp lực chốt lời gia tăng khi thị trường tiến...",Góc nhìn 27/11: Chốt lời?
2020-11-26 11:25:00,TCH: Nhóm nhà đầu tư Hàn Quốc muốn trở thành cổ đông sở hữu 5.5% vốn: CTCP Đầu tư Dịch vụ Tài chính Hoàng Huy (HOSE: TCH) vừa mới công bố Nghị quyết HĐQT thông qua việc chuyển đổi trái phiếu thành cổ phiếu theo đề nghị...,TCH: Nhóm nhà đầu tư Hàn Quốc muốn trở thành cổ đông sở hữu 5.5% vốn
2020-11-25 16:00:00,Vì sao Lọc hóa dầu Bình Sơn rút hồ sơ niêm yết HNX?: Sở Giao dịch Chứng khoán Hà Nội (HNX) cho biết CTCP Lọc hóa dầu Bình Sơn (UPCoM: BSR) đã rút hồ sơ đăng ký niêm yết do đại dịch Covid-19.,Vì sao Lọc hóa dầu Bình Sơn rút hồ sơ niêm yết HNX?
2020-11-24 20:00:00,"Thị trường chứng quyền 25/11/2020: Sắc đỏ lan rộng: Sắc đỏ lan rộng trên thị trường chứng quyền trong phiên giao dịch ngày 24/11/2020 với 68 mã giảm giá, 46 mã tăng giá và 11 mã đứng giá. Khối ngoại...",Thị trường chứng quyền 25/11/2020: Sắc đỏ lan rộng
2020-11-24 11:00:00,"VNM ETF và FTSE ETF sẽ mua bán như thế nào trong tháng 12?: Trong khi hầu hết chuyên gia dự báo giữ nguyên danh mục, thì ông Nguyễn Vũ Luân - Trưởng phòng Môi giới của Công ty Chứng khoán VNDirect dự...",VNM ETF và FTSE ETF sẽ mua bán như thế nào trong tháng 12?
2020-11-23 20:00:00,"Thị trường chứng quyền 24/11/2020: Duy trì đà tâm lý tích cực: Thị trường chứng quyền tiếp tục duy trì sắc xanh trong phiên giao dịch ngày 23/11/2020 với 77 mã tăng giá, 35 mã giảm giá và 13 mã đứng giá. Khối...",Thị trường chứng quyền 24/11/2020: Duy trì đà tâm lý tích cực
2020-11-23 11:26:00,Hạ tầng Vĩnh Phúc dừng phát hành cổ phiếu cho cổ đông hiện hữu: CTCP Phát triển Hạ tầng Vĩnh Phúc (HNX: IDV) vừa đưa ra Nghị quyết HĐQT với quyết định dừng phương án phát hành cổ phiếu cho cổ đông hiện hữu từ...,Hạ tầng Vĩnh Phúc dừng phát hành cổ phiếu cho cổ đông hiện hữu
2020-11-22 18:00:00,"Vietstock Weekly 23-27/11/2020: Thử thách của VN-Index tại vùng 980-1,000 điểm: VN-Index tăng điểm tuần thứ 3 liên tiếp, khối lượng giao dịch cũng tăng dần trong những tuần qua cho thấy dòng tiền đang dần trở lại mạnh mẽ...","Vietstock Weekly 23-27/11/2020: Thử thách của VN-Index tại vùng 980-1,000 điểm"
2020-11-20 17:06:00,"Chứng khoán Tuần 16-20/11/2020: Tín hiệu lạc quan: Thị trường tiếp tục có một tuần giao dịch lạc quan cả về điểm số và thanh khoản. Đồng thời, khối ngoại cũng đã quay trở lại mua ròng.",Chứng khoán Tuần 16-20/11/2020: Tín hiệu lạc quan
2020-11-19 18:21:00,"Góc nhìn 20/11: Rung lắc và giằng co?: Theo dự báo của SHS, trong phiên giao dịch cuối tuần 20/11, VN-Index có thể sẽ rung lắc và giằng co trong khoảng 975-985 điểm để tạo mặt bằng giá mới.",Góc nhìn 20/11: Rung lắc và giằng co?
2020-11-19 10:00:00,"Ngày 19/11/2020: 10 cổ phiếu “nóng” dưới góc nhìn PTKT của Vietstock: Các cổ phiếu “nóng” được phân tích trong báo cáo của Phòng Tư vấn Vietstock gồm: BVH, DIG, GAS, HII, HDB, HSG, MSN, STB, MBB và VNM.",Ngày 19/11/2020: 10 cổ phiếu “nóng” dưới góc nhìn PTKT của Vietstock
2020-11-18 16:47:00,"Những điểm sáng để đầu tư cổ phiếu bất động sản: Tại Hội thảo về cổ phiếu bất động sản: “Chiến lược đầu tư thời Covid-19” tổ chức sáng 18/11, ông Trương Hiền Phương - Giám đốc Công ty Chứng khoán...",Những điểm sáng để đầu tư cổ phiếu bất động sản
2020-11-18 08:00:00,Top cổ phiếu đáng chú ý đầu phiên 18/11: Danh sách các mã cổ phiếu tăng và giảm mạnh nhất những phiên gần đây theo số liệu thống kê của Vietstock.,Top cổ phiếu đáng chú ý đầu phiên 18/11
2020-11-17 10:53:00,"Sau GVR, đến lượt Cao Su Tây Ninh muốn thoái toàn bộ vốn khỏi Vinaruco: HĐQT CTCP Cao su Tây Ninh (HOSE: TRC) đã phê duyệt phương án thoái vốn tại CTCP Phát triển đô thị và khu công nghiệp Cao su Việt Nam (Vinaruco...","Sau GVR, đến lượt Cao Su Tây Ninh muốn thoái toàn bộ vốn khỏi Vinaruco"
2020-11-16 17:00:00,Vietstock Daily 17/11: Sắc đỏ bao trùm: VN-Index giảm điểm mạnh ngay phiên đầu tuần. Thanh khoản tăng cao so với những phiên trước đó cho thấy nhà đầu tư đang giao dịch rất sôi động.,Vietstock Daily 17/11: Sắc đỏ bao trùm
2020-11-16 10:00:00,"Tuần 16-20/11/2020: 10 cổ phiếu “nóng” dưới góc nhìn PTKT của Vietstock: Các cổ phiếu “nóng” được phân tích trong báo cáo của Phòng Tư vấn Vietstock gồm: BVH, DIG, HBC, HII, HDB, HSG, NVL, STB, VIC và VNM.",Tuần 16-20/11/2020: 10 cổ phiếu “nóng” dưới góc nhìn PTKT của Vietstock
2020-11-14 20:30:00,"GAB tăng hơn 1,000% từ đầu năm nay: Chốt phiên 13/11/2020, cổ phiếu GAB của CTCP Đầu tư Khai khoáng và Quản lý Tài sản FLC dừng ở mức giá 193,000 đồng/cp, tăng gần 1,100% so với đầu...","GAB tăng hơn 1,000% từ đầu năm nay"
2020-11-13 15:30:00,"Nhịp đập Thị trường 13/11: Khối ngoại mua ròng trở lại: VN-Index kết phiên tăng 0.73%, đạt mức 966.29 điểm; chỉ số HNX-Index tăng 0.08%, đạt mức 144.74 điểm. Độ rộng thị trường nghiêng về bên mua với 432...",Nhịp đập Thị trường 13/11: Khối ngoại mua ròng trở lại
2020-11-12 17:01:00,"Vietstock Daily 13/11: Tăng điểm trong sự thận trọng: VN-Index đã có một phiên tăng điểm khá tốt so với phiên giao dịch trước đó. Tuy nhiên, thanh khoản trên sàn HOSE lại tiếp tục sụt giảm cho thấy tâm...",Vietstock Daily 13/11: Tăng điểm trong sự thận trọng
2020-11-12 10:04:00,Ông Trịnh Văn Quyết đã nắm hơn 51% vốn tại GAB: Ông Trịnh Văn Quyết đã mua vào tổng cộng gần 6.5 triệu cp GAB của CTCP Đầu tư Khai khoáng và Quản lý Tài sản FLC (HOSE: GAB) chỉ trong chưa...,Ông Trịnh Văn Quyết đã nắm hơn 51% vốn tại GAB
2020-11-11 17:05:00,Vietstock Daily 12/11: Chưa thể bứt phá: Phiên giao dịch ngày 11/11/2020 cho thấy tâm lý nhà đầu tư đang khá giằng co. Thanh khoản trên cả hai sàn đồng loạt sụt giảm và nằm dưới mức trung...,Vietstock Daily 12/11: Chưa thể bứt phá
2020-11-11 09:06:00,Vì sao Bầu Đức muốn bán 35 triệu cp ngay khi vừa gom 50 triệu cp HAG?: Ông  Đoàn Nguyên Đức (“Bầu” Đức) – Chủ tịch HĐQT CTCP Hoàng Anh Gia Lai (HOSE: HAG) vừa có thông báo sẽ dùng 35 triệu cp HAG của mình để làm tài sản...,Vì sao Bầu Đức muốn bán 35 triệu cp ngay khi vừa gom 50 triệu cp HAG?
2020-11-10 15:55:00,"PG Bank chuẩn bị lên UPCoM trong khi mòn mỏi đợi sáp nhập: Ngân hàng TMCP Xăng dầu Petrolimex (PG Bank, OTC: PGBank) công bố ngày 26/10/2020 là ngày chốt danh sách cổ đông để chuẩn bị cho việc đăng ký giao...",PG Bank chuẩn bị lên UPCoM trong khi mòn mỏi đợi sáp nhập
2020-11-09 20:30:00,"Dòng tiền rút khỏi cổ phiếu tài chính - ngân hàng: Trong tuần sụt giảm thanh khoản 02 - 06/11, nhóm tài chính - ngân hàng bị dòng tiền rút ra mạnh.",Dòng tiền rút khỏi cổ phiếu tài chính - ngân hàng
2020-11-09 13:00:00,"HDG, STK, SCS có điểm nào hấp dẫn?: Các CTCK khuyến nghị HDG khả quan nhờ Công ty đang có sự xoay trục kinh doanh hợp lý với việc đầu tư mạnh mẽ vào mảng năng lượng nhằm tận dụng các ưu...","HDG, STK, SCS có điểm nào hấp dẫn?"
2020-11-09 08:46:00,"Hơn 36,700 tài khoản chứng khoán mở mới trong tháng 10: Tới cuối tháng 10, số tài khoản chứng khoán trên thị trường Việt Nam đạt mức hơn 2.66 triệu tài khoản.","Hơn 36,700 tài khoản chứng khoán mở mới trong tháng 10"
2020-11-08 07:30:00,Phân tích kỹ thuật chứng khoán Việt Nam: Tuần 09-13/11/2020: Chiến lược đầu tư & Phân tích kỹ thuật chuyên sâu thị trường chứng khoán Việt Nam.,Phân tích kỹ thuật chứng khoán Việt Nam: Tuần 09-13/11/2020
2020-11-06 13:50:00,"Nhịp đập Thị trường 06/11: Tạm dừng trên mức tham chiếu: VN-Index kết phiên tăng 0.06%, đạt mức 938.29 điểm; chỉ số HNX-Index tăng 0.73%, đạt mức 139.31 điểm. Độ rộng thị trường nghiêng về bên mua với 323...",Nhịp đập Thị trường 06/11: Tạm dừng trên mức tham chiếu
2020-11-05 17:02:00,Vietstock Daily 06/11: Khối ngoại mua ròng trở lại: VN-Index chứng kiến phiên giảm điểm đầu tiên sau chuỗi 5 phiên tăng liên tiếp trước đó. Thanh khoản sụt giảm trên cả hai sàn. Khối ngoại đã quay trở...,Vietstock Daily 06/11: Khối ngoại mua ròng trở lại
2020-11-05 10:16:00,DHC muốn mua 2 triệu cổ phần của Dịch vụ Năng lượng Thành Công: Ban lãnh đạo của CTCP Đông Hải Bến Tre (HOSE: DHC) vừa thông qua việc mua vào gần 2 triệu cp tương đương 20% vốn tại CTCP Dịch vụ Năng...,DHC muốn mua 2 triệu cổ phần của Dịch vụ Năng lượng Thành Công
2020-11-04 17:08:00,"Vietstock Daily 05/11: Tăng điểm tích cực: VN-Index tiếp tục đà tăng và đồng thời, thanh khoản trong phiên 04/11/2020 cũng đã được cải thiện.",Vietstock Daily 05/11: Tăng điểm tích cực
2020-11-04 06:00:00,"04/11: Đọc gì trước giờ giao dịch chứng khoán?: VietinBank rao bán dự án của chủ đầu tư C.T Group, diễn biến quanh bầu cử Tổng thống Mỹ, “Gu” phát hành chứng quyền của công ty chứng khoán, cổ phiếu...",04/11: Đọc gì trước giờ giao dịch chứng khoán?
2020-11-03 13:44:00,"“Gu” phát hành chứng quyền của công ty chứng khoán: Sau hơn một năm thị trường chứng quyền có bảo đảm (Covered Warrant, CW) đi vào hoạt động, các công ty chứng khoán (CTCK) đã cung cấp rất nhiều sản...",“Gu” phát hành chứng quyền của công ty chứng khoán
2020-11-02 20:17:00,"VIB sẽ chào sàn HOSE với giá tham chiếu 32,300 đồng/cp : Ngân hàng TMCP Quốc tế Việt Nam (VIB) vừa thông báo quyết định của Chủ tịch HĐQT về việc phê duyệt giá tham chiếu cho ngày giao dịch đầu tiên của cổ...","VIB sẽ chào sàn HOSE với giá tham chiếu 32,300 đồng/cp "
2020-11-02 12:01:00,"Phân tích kỹ thuật phiên chiều 02/11: Nhà đầu tư đang hạn chế giao dịch: Trong phiên giao dịch buổi sáng ngày 02/11/2020, VN-Index tạo mẫu hình nến Spinning Top cho thấy sự phân vân của nhà đầu tư.",Phân tích kỹ thuật phiên chiều 02/11: Nhà đầu tư đang hạn chế giao dịch
2020-11-01 13:30:00,Góc nhìn tuần 02-06/11: Chú ý vùng kháng cự quanh 940 điểm?: BVS dự báo VN-Index vẫn sẽ nhận được sự hỗ trợ từ vùng 895-910 điểm trong tuần 02-06/11/2020. KBSV cho rằng VN-Index sẽ gặp lực cản tại vùng...,Góc nhìn tuần 02-06/11: Chú ý vùng kháng cự quanh 940 điểm?
2020-10-30 17:14:00,Chứng khoán Tuần 26-30/10/2020: Tuần giao dịch đỏ lửa: VN-Index chứng kiến tuần sụt giảm sau chuỗi sáu tuần tăng liên tiếp trước đó. Khối ngoại tiếp tục bán ròng mạnh trong tuần qua.,Chứng khoán Tuần 26-30/10/2020: Tuần giao dịch đỏ lửa
2020-10-29 19:30:00,Chứng khoán phái sinh 30/10/2020: Basis thu hẹp đáng kể: Các hợp đồng tương lai đồng loạt giảm điểm trong phiên giao dịch ngày 29/10/2020. Basis hợp đồng VN30F2011 thu hẹp và đạt giá trị 0.82 điểm. Điều này...,Chứng khoán phái sinh 30/10/2020: Basis thu hẹp đáng kể
2020-10-29 09:21:00,"Cổ phiếu của LienVietPostBank sẽ giao dịch trên HOSE từ ngày 09/11/2020 : Cổ phiếu LPB của Ngân hàng Bưu điện Liên Việt sẽ bắt đầu được giao dịch tại Sở Giao dịch Chứng khoán thành phố Hồ Chí Minh (HOSE) vào thứ Hai, ngày...",Cổ phiếu của LienVietPostBank sẽ giao dịch trên HOSE từ ngày 09/11/2020 
2020-10-28 12:04:00,"Phân tích kỹ thuật phiên chiều 28/10: VN-Index xuất hiện mẫu hình Three Black Candles: Trong phiên giao dịch buổi sáng ngày 28/10/2020, VN-Index tiếp tục sụt giảm và xuất hiện mẫu hình nến Three Black Candles. Hình ảnh bóng trên (upper...",Phân tích kỹ thuật phiên chiều 28/10: VN-Index xuất hiện mẫu hình Three Black Candles
2020-10-27 16:29:00,"MBB: Phó Chủ tịch HĐQT đã mua 1 triệu cp: Ông Lưu Trung Thái - Phó Chủ tịch HĐQT, kiêm Tổng Giám đốc Ngân hàng TMCP Quân Đội (HOSE: MBB) đã mua được 1 triệu cp MBB như đã đăng ký từ ngày...",MBB: Phó Chủ tịch HĐQT đã mua 1 triệu cp
2020-10-27 09:00:00,"Vị thế nào cho nhóm cổ phiếu ngân hàng mới lên sàn?: Gần đây, các ngân hàng bắt đầu tăng tốc trong cuộc đua niêm yết lên sàn chứng khoán khi thời hạn 2020 đã cận kề.",Vị thế nào cho nhóm cổ phiếu ngân hàng mới lên sàn?
2020-10-26 15:30:00,"Nhịp đập Thị trường 26/10: Đột ngột đảo chiều: VN-Index kết phiên giảm 1.09%, về mức 950.80 điểm; chỉ số HNX-Index giảm 1.88%, đạt mức 139.03 điểm. Độ rộng thị trường nghiêng về bên bán với 210 mã...",Nhịp đập Thị trường 26/10: Đột ngột đảo chiều
2020-10-26 06:00:00,26/10: Đọc gì trước giờ giao dịch chứng khoán?: Điểm lại các tin tức kinh tế tài chính trong nước và quốc tế nổi bật những ngày cuối tuần qua.,26/10: Đọc gì trước giờ giao dịch chứng khoán?
2020-10-24 10:42:00,"Nhận diện công ty đại chúng theo Luật Chứng khoán 2019: Công ty đại chúng là một trong hai chủ thể có vị trí trung tâm của thị trường chứng khoán, bên cạnh nhà đầu tư. Vì lẽ đó, Luật Chứng khoán 2019 (có...",Nhận diện công ty đại chúng theo Luật Chứng khoán 2019
2020-10-23 08:33:00,"KHP liên tiếp thua lỗ, America LLC không còn là cổ đông lớn: CTCP Điện lực Khánh Hòa (HOSE: KHP) lại gây thất vọng khi thua lỗ hơn 40 tỷ đồng trong quý 3/2020, cũng là quý lỗ thứ 3 liên tiếp. Mới...","KHP liên tiếp thua lỗ, America LLC không còn là cổ đông lớn"
2020-10-22 15:42:00,"Nhịp đập Thị trường 22/10: Đảo ngược tình thế hoàn toàn: Thật may VN-Index đã tăng trong phiên chiều, mà còn tăng mạnh nữa. Thực tế có đôi lúc đà tăng của chỉ số gặp lực cản, nhưng kể từ sau 14g15 thì...",Nhịp đập Thị trường 22/10: Đảo ngược tình thế hoàn toàn
2020-10-21 21:20:00,"Đề xuất chính sách cứu đói, hỗ trợ nhà ở cho người dân miền Trung: Bộ trưởng Bộ Lao động, Thương binh và Xã hội Đào Ngọc Dung cho biết, sẽ đề xuất với Chính phủ các cơ chế, chính sách về hỗ trợ cứu đói, hỗ trợ nhà ở...","Đề xuất chính sách cứu đói, hỗ trợ nhà ở cho người dân miền Trung"
2020-10-21 08:00:00,Top cổ phiếu đáng chú ý đầu phiên 21/10: Danh sách các mã cổ phiếu tăng và giảm mạnh nhất những phiên gần đây theo số liệu thống kê của Vietstock.,Top cổ phiếu đáng chú ý đầu phiên 21/10
2020-10-20 09:32:00,"Khoảnh khắc giúp Warren Buffett kiếm được cả gia tài: Trong cuộc khủng hoảng nợ công năm 2011 của Mỹ, Warren Buffett đã đầu tư 5 tỷ USD vào Bank of America, qua đó giúp ngân hàng này củng cố được niềm...",Khoảnh khắc giúp Warren Buffett kiếm được cả gia tài
2020-10-19 13:00:00,"VEA, BVH, HPG có điểm gì hấp dẫn?: Các CTCK khuyến nghị mua HPG nhờ triển vọng tăng trưởng trong 3 năm tới khi các lò cao bắt đầu đi vào hoạt động đồng bộ và ổn định từ năm 2021, tăng...","VEA, BVH, HPG có điểm gì hấp dẫn?"
2020-10-18 08:30:00,"Giao dịch quỹ đầu tư: Lực bán lấn át: Trong tuần qua (12-16/10/2020), các quỹ đầu tư xả hàng với khối lượng khủng trong khi lực mua yếu ớt.",Giao dịch quỹ đầu tư: Lực bán lấn át
2020-10-16 12:02:00,"Phân tích kỹ thuật phiên chiều 16/10: VN-Index tạo cây nến gần giống Hanging Man: Trong phiên giao dịch buổi sáng ngày 16/10/2020, VN-Index tiếp tục tạo cây nến gần giống Hanging Man cho thấy sự phân vân của nhà đầu tư.",Phân tích kỹ thuật phiên chiều 16/10: VN-Index tạo cây nến gần giống Hanging Man
2020-10-15 16:58:00,TLG bán cổ phiếu quỹ với giá 10 ngàn đồng/cp: Người lao động của TLG sẽ được mua cổ phiếu quỹ với mức giá chưa đến 30% giá thị trường hiện tại.,TLG bán cổ phiếu quỹ với giá 10 ngàn đồng/cp
2020-10-15 08:49:00,Tổng Công ty Bảo Việt Nhân thọ hoàn tất thoái sạch hơn 4.9 triệu cp ND2: Tổng Công ty Bảo Việt Nhân thọ thông báo đã bán ra hơn 4.9 triệu cp ND2 của CTCP Đầu tư và Phát triển Điện Miền Bắc 2 (UPCoM: ND2) vào ngày...,Tổng Công ty Bảo Việt Nhân thọ hoàn tất thoái sạch hơn 4.9 triệu cp ND2
2020-10-14 15:25:00,"Nhịp đập Thị trường 14/10: VN-Index tích cực tới cuối phiên: VN-Index kết phiên tăng 1.11%, đạt mức 940.18 điểm; chỉ số HNX-Index tăng 0.98%, đạt mức 137.49 điểm. Độ rộng thị trường đang khá cân bằng với 312 mã...",Nhịp đập Thị trường 14/10: VN-Index tích cực tới cuối phiên
2020-10-13 19:30:00,"Thị trường chứng quyền 14/10/2020: Nhóm chứng quyền MSN tiếp tục bứt phá: Thị trường chứng quyền kết thúc phiên 13/10/2020 với 39 mã tăng giá, 47 mã giảm giá và 15 mã đứng giá. Khối ngoại bán ròng nhẹ với tổng mức bán ròng...",Thị trường chứng quyền 14/10/2020: Nhóm chứng quyền MSN tiếp tục bứt phá
2020-10-13 08:00:00,Top cổ phiếu đáng chú ý đầu phiên 13/10: Danh sách các mã cổ phiếu tăng và giảm mạnh nhất những phiên gần đây theo số liệu thống kê của Vietstock.,Top cổ phiếu đáng chú ý đầu phiên 13/10
2020-10-12 13:00:00,Lãnh đạo mua bán cổ phiếu: ‘Rục rịch’ ở nhóm ngân hàng: Thống kê các giao dịch nội bộ trong tuần giao dịch 05/09 - 09/10/2020 cho thấy bên mua đang chiếm thế chủ động. Tổng công ty Trực thăng Việt Nam đã...,Lãnh đạo mua bán cổ phiếu: ‘Rục rịch’ ở nhóm ngân hàng
2020-10-11 08:30:00,"Các quỹ đầu tư thay nhau giảm sở hữu tại DXP: Tuần qua (05-09/10/2020), hai quỹ ngoại PYN Elite Fund và America LLC thay phiên nhau thoái bớt vốn tại CTCP Cảng Đoạn Xá (HNX: DXP) để cơ cấu danh...",Các quỹ đầu tư thay nhau giảm sở hữu tại DXP
2020-10-09 16:48:00,Kho bạc Nhà nước có thêm kênh đầu tư tiền nhàn rỗi: Bộ Tài chính đề xuất Kho bạc Nhà nước được dùng tiền nhàn rỗi mua có kỳ hạn trái phiếu chính phủ từ ngân hàng.,Kho bạc Nhà nước có thêm kênh đầu tư tiền nhàn rỗi
2020-10-09 12:01:00,"Phân tích kỹ thuật phiên chiều 09/10: Liệu đà tăng có được giữ vững?: Trong phiên giao dịch buổi sáng ngày 09/10/2020, VN-Index tăng điểm trở lại và tiếp tục test vùng kháng cự 920-925 điểm (vùng hội tụ của trendline...",Phân tích kỹ thuật phiên chiều 09/10: Liệu đà tăng có được giữ vững?
2020-10-08 18:38:00,"GEX mua được 99.6% cổ phiếu VGC chào mua công khai: Tổng CTCP Thiết bị điện Việt Nam (HOSE: GEX, Gelex) vừa thông báo đã mua thành công hơn 94.6 triệu cp VGC của Tổng công ty Viglacera (HOSE: VGC). Tuy...",GEX mua được 99.6% cổ phiếu VGC chào mua công khai
2020-10-08 11:00:00,SHB - Canh điều chỉnh để vào hàng: Giá cổ phiếu Ngân hàng TMCP Sài Gòn - Hà Nội (HNX: SHB) đang cho nhiều tín hiệu phục hồi trong thời gian vừa qua khi lần lượt vượt qua các đường MA...,SHB - Canh điều chỉnh để vào hàng
2020-10-07 17:05:00,"Vietstock Daily 08/10: Tiếp tục tăng điểm?: VN-Index đánh dấu phiên thứ ba tăng điểm liên tiếp. Dù vậy, khối ngoại vẫn tiếp tục bán ròng và các diễn biến từ thị trường thế giới khá phức tạp.",Vietstock Daily 08/10: Tiếp tục tăng điểm?
2020-10-07 10:23:00,"HPG: Giá cổ phiếu tăng liên tục, Thành viên HĐQT muốn thoái bớt vốn: Nhằm phục vụ nhu cầu tài chính cá nhân, ông Tạ Tuấn Quang – Thành viên HĐQT CTCP Tập đoàn Hòa Phát (HOSE: HPG) vừa đăng ký thoái 900,000 cp HPG.","HPG: Giá cổ phiếu tăng liên tục, Thành viên HĐQT muốn thoái bớt vốn"
2020-10-06 18:10:00,"Hàng triệu người trẻ Ấn Độ chơi chứng khoán để tăng thu nhập: Tương tự Mỹ và những nước lớn khác, người trẻ Ấn Độ tìm đến chứng khoán khi lương giảm, kinh tế ảm đạm, và có nhiều thời gian rảnh.",Hàng triệu người trẻ Ấn Độ chơi chứng khoán để tăng thu nhập
2020-10-06 12:05:00,"Phân tích kỹ thuật phiên chiều 06/10: VN-Index xuất hiện rung lắc: Trong phiên giao dịch buổi sáng ngày 06/10/2020, VN-Index xuất hiện điều chỉnh sau khi tiến gần vùng kháng cự quan trọng.",Phân tích kỹ thuật phiên chiều 06/10: VN-Index xuất hiện rung lắc
2020-10-05 20:45:00,"Cổ phiếu bất động sản vừa và nhỏ hút tiền: Thanh khoản sàn HOSE tiếp tục duy trì đà tích cực trong tuần qua. Trong đó, nhóm cổ phiếu bất động sản vừa và nhỏ có thanh khoản vận động sôi nổi.",Cổ phiếu bất động sản vừa và nhỏ hút tiền
2020-10-05 11:34:00,"Công ty con của PVI được chấp thuận niêm yết lên HNX: Ngày 30/09, Tổng Công ty cổ phần Tái bảo hiểm PVI (PVIRe, OTC: PRE) đã được chấp thuận niêm yết 72.8 triệu cổ phiếu tại Sở Giao dịch...",Công ty con của PVI được chấp thuận niêm yết lên HNX
2020-10-04 07:30:00,Phân tích kỹ thuật chứng khoán Việt Nam: Tuần 05-09/10/2020: Chiến lược đầu tư & Phân tích kỹ thuật chuyên sâu thị trường chứng khoán Việt Nam.,Phân tích kỹ thuật chứng khoán Việt Nam: Tuần 05-09/10/2020
2020-10-02 13:15:00,"TTA và bài học cay đắng khi đầu tư ăn theo ‘game lên sàn’: Đa phần cổ phiếu mới niêm yết trong 2020 đều xuất phát tích cực, thậm chí là những chuỗi tăng trần miên man. Song, không phải cổ phiếu nào cũng giữ...",TTA và bài học cay đắng khi đầu tư ăn theo ‘game lên sàn’
2020-10-01 19:30:00,Chứng khoán phái sinh 02/10/2020: VN30-Index tiến gần vùng đỉnh cũ tháng 02/2020: Các hợp đồng tương lai đồng loạt tăng điểm trong phiên giao dịch ngày 01/10/2020. Basis hợp đồng VN30F2010 đảo chiều và đạt giá trị -0.58 điểm. Điều...,Chứng khoán phái sinh 02/10/2020: VN30-Index tiến gần vùng đỉnh cũ tháng 02/2020
2020-10-01 10:00:00,"Ngày 01/10/2020: 10 cổ phiếu “nóng” dưới góc nhìn PTKT của Vietstock: Các cổ phiếu “nóng” được phân tích trong báo cáo của Phòng Tư vấn Vietstock gồm: AAA, DGW, DIG, GVR, HBC, HDB, HSG, MBB, SBT và VIC.",Ngày 01/10/2020: 10 cổ phiếu “nóng” dưới góc nhìn PTKT của Vietstock
2020-09-30 16:00:00,"Nhịp đập Thị trường 30/09: Duy trì sắc xanh khi kết phiên: VN-Index kết phiên tăng 0.14%, đạt mức 905.21 điểm; chỉ số HNX-Index tăng 0.90%, đạt mức 132.93 điểm. Độ rộng thị trường nghiêng về bên mua với 376...",Nhịp đập Thị trường 30/09: Duy trì sắc xanh khi kết phiên
2020-09-30 08:00:00,Top cổ phiếu đáng chú ý đầu phiên 30/09: Danh sách các mã cổ phiếu tăng và giảm mạnh nhất những phiên gần đây theo số liệu thống kê của Vietstock.,Top cổ phiếu đáng chú ý đầu phiên 30/09
2020-09-29 13:39:00,"VPK giải thể: Mỗi cổ đông được chia 5,070 đồng/cp: Ngày 30/10/2020, CTCP Bao bì Dầu Thực Vật (VPK) sẽ thanh toán cho cổ đông số tiền 5,070 đồng/cp, tương ứng tỷ lệ 50.7%. Đợt thanh toán này nhằm chia...","VPK giải thể: Mỗi cổ đông được chia 5,070 đồng/cp"
2020-09-28 19:30:00,Chứng khoán phái sinh 29/09/2020: VN30-Index tạo mẫu hình nến White Opening Marubozu: Các hợp đồng tương lai đồng loạt tăng điểm trong phiên giao dịch ngày 28/09/2020. Basis hợp đồng VN30F2010 đảo chiều và đạt giá trị -0.41 điểm. Điều...,Chứng khoán phái sinh 29/09/2020: VN30-Index tạo mẫu hình nến White Opening Marubozu
2020-09-28 10:00:00,"Tuần 28/09-02/10/2020: 10 cổ phiếu “nóng” dưới góc nhìn PTKT của Vietstock: Các cổ phiếu “nóng” được phân tích trong báo cáo của Phòng Tư vấn Vietstock gồm: ASM, DRC, GAS, GVR, HBC, HDB, HSG, MBB, SBT và VIC.",Tuần 28/09-02/10/2020: 10 cổ phiếu “nóng” dưới góc nhìn PTKT của Vietstock
2020-09-26 10:31:00,"STB và những phiên tăng trần tin đồn: Tuần qua, thị giá cổ phiếu STB đã có 2 phiên tăng trần vào ngày 22/09 và phiên cuối tuần 25/09, thanh khoản cả hai phiên đều ở mức cao, lần lượt đạt...",STB và những phiên tăng trần tin đồn
2020-09-25 08:00:00,"Cen Land (CRE) chuẩn bị trả cổ tức tiền mặt tỷ lệ 10% : Ngày 29/09, CTCP Bất động sản Thế Kỷ (Cen Land, HOSE: CRE) chốt danh sách cổ đông trả cổ tức tiền mặt năm 2019 với tỷ lệ 10%. Thời gian thanh toán dự...",Cen Land (CRE) chuẩn bị trả cổ tức tiền mặt tỷ lệ 10% 
2020-09-24 11:49:00,"ASG tăng trần trong phiên chào sàn HOSE: Sáng ngày 24/09/2020, Sở Giao dịch Chứng khoán TP. HCM (HOSE) tổ chức Lễ trao quyết định niêm yết và đưa hơn 63 triệu cổ phiếu của Công ty cổ phần...",ASG tăng trần trong phiên chào sàn HOSE
2020-09-23 18:18:00,"Góc nhìn 24/09: Tiếp tục tăng điểm?: SHS dự báo, trong phiên giao dịch 24/09, VN-Index có thể tiếp tục tăng điểm với ngưỡng kháng cự tiếp theo quanh 925 điểm (trendline nối các đỉnh từ...",Góc nhìn 24/09: Tiếp tục tăng điểm?
2020-09-23 09:47:00,"KBC: Công ty riêng của Chủ tịch tiếp tục muốn tăng thêm sở hữu: Từ ngày 28/09-27/10/2020, CTCP Đầu tư Vinatex - Tân Tạo đăng ký mua 10 triệu cp của Tổng Công ty Phát triển Đô thị Kinh Bắc - CTCP (HOSE: KBC) theo...",KBC: Công ty riêng của Chủ tịch tiếp tục muốn tăng thêm sở hữu
2020-09-22 16:43:00,"UIC muốn bán 2.5 triệu cổ phiếu HTI với giá 11,100 đồng/cp: Ngày 22/09, HĐQT của CTCP Đầu tư Phát triển Nhà và Đô thị IDICO (HOSE: UIC) đã thông qua việc thoái toàn bộ khoản đầu tư tại CTCP Đầu tư...","UIC muốn bán 2.5 triệu cổ phiếu HTI với giá 11,100 đồng/cp"
2020-09-21 17:00:00,Vinacomin nâng sở hữu tại MDC lên mức 65%: Tập Đoàn Công Nghiệp Than - Khoáng Sản Việt Nam (Vinacomin) vừa gom vào thành công hơn 1 triệu cp của CTCP Than Mông Dương - Vinacomin (HNX:...,Vinacomin nâng sở hữu tại MDC lên mức 65%
2020-09-21 08:00:00,Top cổ phiếu đáng chú ý đầu tuần 21/09: Danh sách các mã cổ phiếu tăng và giảm mạnh nhất những phiên gần đây theo số liệu thống kê của Vietstock.,Top cổ phiếu đáng chú ý đầu tuần 21/09
2020-09-18 15:41:00,"135 triệu cp TTA chính thức lên sàn HOSE: Ngày 18/09, 135 triệu cp của CTCP Đầu tư Xây dựng và Phát triển Trường Thành (TTA) chính thức được niêm yết tại Sở Giao dịch Chứng khoán TPHCM (HOSE).",135 triệu cp TTA chính thức lên sàn HOSE
2020-09-17 15:45:00,"Nhịp đập Thị trường 17/09: Nâng lên để đạp xuống?: Phiên chiều mở cửa với “thông tin” không hề tốt: future giảm mạnh thêm. VN-Index có lẽ chính vì thế mà giảm một mạch trong nửa đầu phiên chiều, lao...",Nhịp đập Thị trường 17/09: Nâng lên để đạp xuống?
2020-09-16 18:09:00,"Một lãnh đạo DBC muốn bán ra 800,000 cp: Tại CTCP Tập đoàn Dabaco Việt Nam (HOSE: DBC), ông Lê Quốc Đoàn - Thành viên HĐQT - vừa đăng ký bán 800,000 cp DBC, tương đương 0.76% vốn.","Một lãnh đạo DBC muốn bán ra 800,000 cp"
2020-09-16 08:00:00,Top cổ phiếu đáng chú ý đầu phiên 16/09: Danh sách các mã cổ phiếu tăng và giảm mạnh nhất những phiên gần đây theo số liệu thống kê của Vietstock.,Top cổ phiếu đáng chú ý đầu phiên 16/09
2020-09-15 10:41:00,"Nhóm Dragon Capital thoát gần 2.6 triệu cp NBB : Từ ngày 07-10/09/2020, nhóm Dragon Capital đã bán ra tổng cộng gần 2.6 triệu cp của CTCP Đầu tư Năm Bảy Bảy (HOSE: NBB), giảm tỷ lệ sở hữu tại đây...",Nhóm Dragon Capital thoát gần 2.6 triệu cp NBB 
2020-09-14 16:19:00,"Vietnam Holding giải ngân mạnh vào VHM và cổ phiếu ngân hàng: Khoản đặt cược vào VHM của Vietnam Holding vào đầu tháng 8/2020 là 4.94 triệu USD (khoảng 115 tỷ đồng), thì đến cuối tháng đã nâng lên mức 8.45 triệu...",Vietnam Holding giải ngân mạnh vào VHM và cổ phiếu ngân hàng
2020-09-14 09:52:00,"Cổ đông lớn muốn thoái toàn bộ hơn 34 triệu cp Thanh Lễ: Nhằm cơ cấu danh mục đầu tư, CTCP Xăng dầu và Dịch vụ hàng hải S.T.S vừa đăng ký bán hơn 34.4 triệu cp TLP của Tổng Công ty Thương mại Xuất nhập khẩu...",Cổ đông lớn muốn thoái toàn bộ hơn 34 triệu cp Thanh Lễ
2020-09-12 20:00:00,Chứng khoán phái sinh Tuần 14-18/09/2020: Basis liên tục đảo chiều: Hầu hết các hợp đồng tương lai tăng điểm trong phiên giao dịch ngày 11/09/2020. Basis đảo chiều và đạt giá trị 2.34 điểm. Điều này cho thấy nhà đầu...,Chứng khoán phái sinh Tuần 14-18/09/2020: Basis liên tục đảo chiều
2020-09-11 10:25:00,Quốc tế Phương Anh (PAS) chuẩn bị lên sàn UPCoM: Sở Giao dịch Chứng khoán Hà Nội vừa thông qua quyết định chấp thuận cổ phiếu của CTCP Quốc tế Phương Anh (OTC: PAS) đăng ký giao dịch trên UPCoM với...,Quốc tế Phương Anh (PAS) chuẩn bị lên sàn UPCoM
2020-09-10 13:00:00,PVI - Chờ điều chỉnh để bắt đáy: Tổng doanh thu phí bảo hiểm toàn thị trường dự kiến vẫn sẽ tăng trưởng tốt trong năm 2020. Điều này sẽ giúp cho triển vọng của các cổ phiếu trong...,PVI - Chờ điều chỉnh để bắt đáy
2020-09-09 17:16:00,"Vietstock Daily 10/09: Vẫn còn thận trọng: VN-Index tiếp tục đà điều chỉnh và duy trì sắc đỏ trong hầu hết thời gian giao dịch. Bên cạnh đó, khối ngoại tiếp tục bán ròng cho thấy tâm lý thận...",Vietstock Daily 10/09: Vẫn còn thận trọng
2020-09-09 10:41:00,"Dragon Capital giảm sở hữu tại Nhà Khang Điền : Nhóm quỹ Dragon Capital đã bán ra tổng cộng 800,000 cổ phiếu của CTCP Đầu tư và Kinh doanh Nhà Khang Điền (HOSE: KDH) vào ngày 04/09/2020.",Dragon Capital giảm sở hữu tại Nhà Khang Điền 
2020-09-08 15:38:00,Quỹ Tundra vừa thoái hơn 1 triệu cổ phiếu FPT: VSD vừa thông báo đã chuyển quyền sở hữu hơn 1.1 triệu cp của CTCP FPT (HOSE: FPT) do Tundra Vietnam Fund nắm giữ.,Quỹ Tundra vừa thoái hơn 1 triệu cổ phiếu FPT
2020-09-08 09:00:00,"Xây dựng trang web quan hệ cổ đông nhanh chóng và hiệu quả với IROnline: IROnline là website quan hệ nhà đầu tư (website IR, website quan hệ cổ đông) được Vietstock xây dựng sẵn, dùng để tích hợp vào website của doanh...",Xây dựng trang web quan hệ cổ đông nhanh chóng và hiệu quả với IROnline
2020-09-07 14:00:00,"Lãnh đạo mua bán cổ phiếu: Các giao dịch lớn tại NHH, GEX, MBB và TTB: Thống kê các giao dịch nội bộ trong tuần giao dịch 31/08 - 04/09/2020 cho thấy bên mua đang chiếm thế chủ động. Nhựa An Phát Xanh đã hoàn tất gom 5...","Lãnh đạo mua bán cổ phiếu: Các giao dịch lớn tại NHH, GEX, MBB và TTB"
2020-09-06 13:00:00,Góc nhìn tuần 07-11/09: Rung lắc đan xen? : Đa số các công ty chứng khoán (CTCK) nhận định thị trường tuần 07-11/09/2020 có thể sẽ xuất hiện rung lắc trước khi tiến đến giai đoạn tăng điểm.,Góc nhìn tuần 07-11/09: Rung lắc đan xen? 
2020-09-04 14:00:00,"Vì sao MyAladdinz và Alibaba thu hút được công chúng?: Trong thời hiện đại, bên cạnh vị ngọt từ những câu chuyện thành công đáng khâm phục thì có một số trường hợp khác lại tạo ra vị đắng khó quên.",Vì sao MyAladdinz và Alibaba thu hút được công chúng?
2020-09-03 18:21:00,"Góc nhìn 04/09: Giảm tỷ trọng trong các phiên tăng mạnh?: Theo đánh giá của BSI, VN-Index có thể tích lũy trong một vài phiên tới kể từ 04/09, trước khi hướng tới vùng kháng cự tiếp theo xung quanh 940 điểm.",Góc nhìn 04/09: Giảm tỷ trọng trong các phiên tăng mạnh?
2020-09-03 09:30:00,Cuộc 'so găng' giữa tiền gửi và chứng chỉ quỹ mở cổ phiếu: Tiền gửi vẫn là kênh phân bổ tài sản an toàn và truyền thống của những nhà đầu tư có lượng tiền nhãn rỗi khá lớn. Theo số liệu từ Ngân hàng Nhà nước...,Cuộc 'so găng' giữa tiền gửi và chứng chỉ quỹ mở cổ phiếu
2020-09-01 16:19:00,"VIB chuẩn bị những bước đầu tiên lên HOSE: Ngày 31/08/2020, Sở Giao dịch Chứng khoán TP.HCM thông báo đã nhận hồ sơ đăng ký niêm yết cổ phiếu của Ngân hàng TMCP Quốc tế Việt Nam (UPCoM: VIB).",VIB chuẩn bị những bước đầu tiên lên HOSE
2020-09-01 08:44:00,"[IR AWARDS] Lịch công bố thông tin tháng 9/2020 cần nhớ: Trong tháng 9/2020, sự kiện công bố thông tin định kỳ trên thị trường chứng khoán đáng chú ý như FTSE đánh giá phân loại thị trường chứng khoán, các...",[IR AWARDS] Lịch công bố thông tin tháng 9/2020 cần nhớ
2020-08-31 14:00:00,"Lãnh đạo mua bán cổ phiếu: Các giao dịch lớn tại JVC, PLX, TCI và VNS: Thống kê các giao dịch nội bộ trong tuần giao dịch 24/08 - 28/08/2020 cho thấy bên mua đang chiếm thế chủ động. Tổng giám đốc Vũ Thị Thúy Hằng muốn...","Lãnh đạo mua bán cổ phiếu: Các giao dịch lớn tại JVC, PLX, TCI và VNS"
2020-08-30 15:00:00,"Huyền thoại đầu tư Warren Buffett và câu chuyện cắt tóc 300,000 USD: Nhờ đâu vị Tiên tri xứ sở Omaha lại nắm trong tay hàng tỷ USD khi bước sang tuổi 90? Ông ấy hiểu rõ sức mạnh của lãi kép ngay từ lúc 10 tuổi. Càng...","Huyền thoại đầu tư Warren Buffett và câu chuyện cắt tóc 300,000 USD"
2020-08-28 14:38:00,Thương mại dịch vụ và truyền thông Marina gom hơn 1.5 triệu cp MHC: CTCP Thương mại dịch vụ và truyền thông Marina vừa thông báo đã mua thành công 1.5 triệu cp CTCP MHC (HOSE: MHC) vào ngày 21/08/2020.,Thương mại dịch vụ và truyền thông Marina gom hơn 1.5 triệu cp MHC
2020-08-27 18:11:00,"Góc nhìn 28/08: Tiếp tục kiểm định ngưỡng 875?: Theo nhận định của các công ty chứng khoán (CTCK), ngưỡng 875 của VN-Index tiếp tục là vùng kháng cực quan trong phải vượt qua để xác định xu hướng...",Góc nhìn 28/08: Tiếp tục kiểm định ngưỡng 875?
2020-08-27 09:06:00,Cuộc chiến giữa F0 và Fn: Dịch Covid-19 đang âm thầm tạo ra một sự dịch chuyển trên thị trường chứng khoán. Những nhà đầu tư mới F0 đang dần trở thành tay chơi chính trên thị...,Cuộc chiến giữa F0 và Fn
2020-08-26 13:00:00,"Cổ phiếu ngành than ‘trở mình’: Trước đây, cổ phiếu doanh nghiệp ngành than kém sức hút dòng tiền ngắn hạn dù hoạt động kinh doanh ổn định, ít phải lo thị trường đầu ra. Nhưng gần...",Cổ phiếu ngành than ‘trở mình’
2020-08-25 15:30:00,"Thêm cơ chế ngắt mạch thị trường, 15 tuổi được mở tài khoản chứng khoán: Trong Dự thảo thông tư mới thay thế Thông tư số 203/2015/TT-BTC, Bộ Tài chính đã bổ sung thêm cơ chế bán khống, giao dịch trong ngày; bổ sung công cụ...","Thêm cơ chế ngắt mạch thị trường, 15 tuổi được mở tài khoản chứng khoán"
2020-08-25 09:00:00,Tìm cổ phiếu lướt sóng: Một số nhà đầu tư thích tìm kiếm lợi nhuận bằng cách lướt sóng cổ phiếu giá thấp. 'Cổ phiếu dưới mệnh giá của doanh nghiệp kinh doanh có lãi' sẽ giảm...,Tìm cổ phiếu lướt sóng
2020-08-24 15:13:00,"Công cụ nào có thể xuất dữ liệu excel báo cáo tài chính doanh nghiệp tùy ý?: Vietstock cung cấp công cụ VietstockResearch linh hoạt trong việc truy xuất dữ liệu báo cáo tài chính các loại của doanh nghiệp sàn HOSE, HNX và cả...",Công cụ nào có thể xuất dữ liệu excel báo cáo tài chính doanh nghiệp tùy ý?
2020-08-24 08:26:00,SFI: Tổng Giám đốc muốn bán gần 1.8 triệu cp: CTCP Đại lý Vận tải SAFI (HOSE: SFI) vừa thông báo về việc đăng ký giao dịch của người nội bộ là ông Nguyễn Hoàng Anh - Tổng Giám đốc.,SFI: Tổng Giám đốc muốn bán gần 1.8 triệu cp
2020-08-22 14:00:00,"Không báo cáo giao dịch, Chủ tịch STS bị xử phạt : Ngày 18/08/2020, Ủy ban Chứng khoán Nhà nước (UBCKNN) ban hành Quyết định về việc xử phạt vi phạm hành chính trong lĩnh vực chứng khoán và thị trường...","Không báo cáo giao dịch, Chủ tịch STS bị xử phạt "
2020-08-21 10:02:00,"Không công bố thông tin, Cảng Rau Quả bị xử phạt 70 triệu đồng: Ngày 18/8/2020, Thanh tra Ủy ban Chứng khoán Nhà nước (UBCKNN) ban hành Quyết định về việc xử phạt vi phạm hành chính đối với CTCP Cảng Rau...","Không công bố thông tin, Cảng Rau Quả bị xử phạt 70 triệu đồng"
2020-08-20 15:29:00,"Howard Holdings không còn là cổ đông lớn của Sữa Quốc tế: CTCP Sữa Quốc tế vừa thông báo loạt giao dịch của cổ đông nội bộ là Howard Holdings Pte.Ltd, CTCP Chứng khoán Bản Việt (VCSC) và CTCP Lothamilk.",Howard Holdings không còn là cổ đông lớn của Sữa Quốc tế
2020-08-19 20:00:00,"Thị trường chứng quyền 20/08/2020: Khối ngoại tiếp tục bán ròng: Thị trường chứng quyền trong phiên giao dịch ngày 19/08/2020 có diễn biến không mấy tích cực khi toàn thị trường có 47 mã giảm giá, 33 mã tăng giá và...",Thị trường chứng quyền 20/08/2020: Khối ngoại tiếp tục bán ròng
2020-08-19 06:00:00,"19/08: Đọc gì trước giờ giao dịch chứng khoán?: Vì sao nhà đầu tư nước ngoài ngó lơ cổ phiếu Đông Nam Á, Bộ Công thương đề xuất bỏ cách tính 'điện 1 giá', sóng ngầm cổ phiếu thoái vốn Nhà nước...",19/08: Đọc gì trước giờ giao dịch chứng khoán?
2020-08-18 13:32:00,GEX có thể quay lại FTSE ETF trong kỳ review tháng 9: Ông Nguyễn Vũ Luân - Trưởng phòng Môi giới của Công ty Chứng khoán VNDirect (VND) chỉ ra GEX đạt tiêu chí thanh khoản 2 kỳ liên tục nên...,GEX có thể quay lại FTSE ETF trong kỳ review tháng 9
2020-08-17 19:30:00,Chứng khoán phái sinh 18/08/2020: VN30-Index xuất hiện mẫu hình nến Long-legged Doji: Các hợp đồng tương lai hầu hết giảm điểm trong phiên giao dịch ngày 17/08/2020. Basis hợp đồng VN30F2008 thu hẹp và đạt giá trị 0.96 điểm. Điều này...,Chứng khoán phái sinh 18/08/2020: VN30-Index xuất hiện mẫu hình nến Long-legged Doji
2020-08-17 11:00:00,"Doanh nghiệp bị hút vào 'cuộc chơi' trên thị trường chứng khoán?: Thị trường chứng khoán phục hồi ấn tượng kể từ đầu tháng 4, giữa thời điểm dịch Covid-19 vẫn còn diễn biến phức tạp. Sức sinh lời của những tài sản...",Doanh nghiệp bị hút vào 'cuộc chơi' trên thị trường chứng khoán?
2020-08-15 19:45:00,"VN-Index cán mốc 850 điểm nhờ những cổ phiếu nào?: Dù giao dịch giằng co và có phần thận trọng, song thị trường chứng khoán vẫn ghi nhận đà đi lên trong tuần qua. GAS, BID và CTG ủng...",VN-Index cán mốc 850 điểm nhờ những cổ phiếu nào?
2020-08-14 09:00:00,"An Phát Holdings muốn mua 5 triệu cổ phiếu AAA: Nhằm đầu tư nắm giữ dài hạn, Tập đoàn An Phát Holdings (HOSE: APH) vừa đăng ký mua vào 5 triệu cp, tương đương 2.37% vốn, của CTCP...",An Phát Holdings muốn mua 5 triệu cổ phiếu AAA
2020-08-13 14:33:00,"Công ty 'cháu' muốn gom vào 2 triệu cổ phiếu của Vinamilk: Tổng Giám đốc Mai Kiều Liên của VNM đã trở thành Chủ tịch HĐQT của cả Tổng Công ty Chăn Nuôi Việt Nam - CTCP (Vilico, UPCoM: VLC) và...",Công ty 'cháu' muốn gom vào 2 triệu cổ phiếu của Vinamilk
2020-08-13 05:44:00,"MSCI giữ nguyên tất cả cổ phiếu Việt trong danh mục của MSCI Frontier Markets Index: Rạng sáng ngày 13/08/2020 theo giờ Việt Nam, MSCI thông báo giữ nguyên danh mục cổ phiếu thành phần đối với cả MSCI Frontier Markets Index cũng như...",MSCI giữ nguyên tất cả cổ phiếu Việt trong danh mục của MSCI Frontier Markets Index
2020-08-12 13:00:00,"VNM ETF gom mua cổ phiếu Việt trong 5 tuần liên tiếp: Đà mua ròng cổ phiếu Việt Nam của Vaneck Vectors Vietnam ETF (VNM ETF) đã kéo dài sang tuần đầu tiên tháng 8, cũng là tuần thứ 5 liên...",VNM ETF gom mua cổ phiếu Việt trong 5 tuần liên tiếp
2020-08-11 18:30:00,"Góc nhìn 12/08: Điều chỉnh nhẹ?: Theo BSI, khả năng cao VN-Index sẽ điều chỉnh nhẹ hoặc tích lũy tại vùng này trong một vài phiên tới, cho đến khi có những tin tức tiếp theo về dịch...",Góc nhìn 12/08: Điều chỉnh nhẹ?
2020-08-11 08:00:00,Top cổ phiếu đáng chú ý đầu phiên 11/08: Danh sách các mã cổ phiếu tăng và giảm mạnh nhất những phiên gần đây theo số liệu thống kê của Vietstock.,Top cổ phiếu đáng chú ý đầu phiên 11/08
2020-08-10 11:40:00,"Quỹ ngoại nhận sang tay gần 1.5 triệu cp FPT: Ngày 06/08, VSD vừa thông báo Keyrock Capital Master Fund, Ltd đã nhận chuyển quyền sở hữu cổ phiếu của CTCP FPT (HOSE: FPT) với số...",Quỹ ngoại nhận sang tay gần 1.5 triệu cp FPT
2020-08-08 20:00:00,Chứng khoán phái sinh Tuần 10-14/08/2020: VN30-Index tạo mẫu hình nến Spinning Top: Các hợp đồng tương lai đồng loạt tăng điểm trong phiên giao dịch ngày 07/08/2020. basis thu hẹp và đạt giá trị -1.55 điểm. Điều này cho thấy nhà đầu...,Chứng khoán phái sinh Tuần 10-14/08/2020: VN30-Index tạo mẫu hình nến Spinning Top
2020-08-07 09:56:00,Chứng khoán Yuanta: VN-Index tháng 8 dao động trong vùng 770-875 điểm: Công ty Chứng khoán Yuanta Việt Nam (YSVN) đánh giá thị trường chứng khoán khó giảm mạnh kéo dài như giai đoạn tháng 3/2020. Dự báo trong tháng 8...,Chứng khoán Yuanta: VN-Index tháng 8 dao động trong vùng 770-875 điểm
2020-08-06 15:40:00,"Nhịp đập Thị trường 06/08: Vẫn tăng trong nghi ngờ: VN-Index sớm bốc ngay ở đầu “hiệp hai”, là phiên chiều nay. Chỉ số tăng lên đến gần 845 điểm, nhưng rồi lại giảm dần và đến ATC chốt ở 840.04 điểm...",Nhịp đập Thị trường 06/08: Vẫn tăng trong nghi ngờ
2020-08-06 10:00:00,"Ngày 06/08/2020: 10 cổ phiếu “nóng” dưới góc nhìn PTKT của Vietstock: Các cổ phiếu “nóng” được phân tích trong báo cáo của Phòng Tư vấn Vietstock gồm: AAA, DGW, DIG, DPM, HBC, HAG, IMP, STK, TCH và VJC.",Ngày 06/08/2020: 10 cổ phiếu “nóng” dưới góc nhìn PTKT của Vietstock
